,ECFP4_1,ECFP4_2,ECFP4_3,ECFP4_4,ECFP4_5,ECFP4_6,ECFP4_7,ECFP4_8,ECFP4_9,ECFP4_10,ECFP4_11,ECFP4_12,ECFP4_13,ECFP4_14,ECFP4_15,ECFP4_16,ECFP4_17,ECFP4_18,ECFP4_19,ECFP4_20,ECFP4_21,ECFP4_22,ECFP4_23,ECFP4_24,ECFP4_25,ECFP4_26,ECFP4_27,ECFP4_28,ECFP4_29,ECFP4_30,ECFP4_31,ECFP4_32,ECFP4_33,ECFP4_34,ECFP4_35,ECFP4_36,ECFP4_37,ECFP4_38,ECFP4_39,ECFP4_40,ECFP4_41,ECFP4_42,ECFP4_43,ECFP4_44,ECFP4_45,ECFP4_46,ECFP4_47,ECFP4_48,ECFP4_49,ECFP4_50,ECFP4_51,ECFP4_52,ECFP4_53,ECFP4_54,ECFP4_55,ECFP4_56,ECFP4_57,ECFP4_58,ECFP4_59,ECFP4_60,ECFP4_61,ECFP4_62,ECFP4_63,ECFP4_64,ECFP4_65,ECFP4_66,ECFP4_67,ECFP4_68,ECFP4_69,ECFP4_70,ECFP4_71,ECFP4_72,ECFP4_73,ECFP4_74,ECFP4_75,ECFP4_76,ECFP4_77,ECFP4_78,ECFP4_79,ECFP4_80,ECFP4_81,ECFP4_82,ECFP4_83,ECFP4_84,ECFP4_85,ECFP4_86,ECFP4_87,ECFP4_88,ECFP4_89,ECFP4_90,ECFP4_91,ECFP4_92,ECFP4_93,ECFP4_94,ECFP4_95,ECFP4_96,ECFP4_97,ECFP4_98,ECFP4_99,ECFP4_100,ECFP4_101,ECFP4_102,ECFP4_103,ECFP4_104,ECFP4_105,ECFP4_106,ECFP4_107,ECFP4_108,ECFP4_109,ECFP4_110,ECFP4_111,ECFP4_112,ECFP4_113,ECFP4_114,ECFP4_115,ECFP4_116,ECFP4_117,ECFP4_118,ECFP4_119,ECFP4_120,ECFP4_121,ECFP4_122,ECFP4_123,ECFP4_124,ECFP4_125,ECFP4_126,ECFP4_127,ECFP4_128,ECFP4_129,ECFP4_130,ECFP4_131,ECFP4_132,ECFP4_133,ECFP4_134,ECFP4_135,ECFP4_136,ECFP4_137,ECFP4_138,ECFP4_139,ECFP4_140,ECFP4_141,ECFP4_142,ECFP4_143,ECFP4_144,ECFP4_145,ECFP4_146,ECFP4_147,ECFP4_148,ECFP4_149,ECFP4_150,ECFP4_151,ECFP4_152,ECFP4_153,ECFP4_154,ECFP4_155,ECFP4_156,ECFP4_157,ECFP4_158,ECFP4_159,ECFP4_160,ECFP4_161,ECFP4_162,ECFP4_163,ECFP4_164,ECFP4_165,ECFP4_166,ECFP4_167,ECFP4_168,ECFP4_169,ECFP4_170,ECFP4_171,ECFP4_172,ECFP4_173,ECFP4_174,ECFP4_175,ECFP4_176,ECFP4_177,ECFP4_178,ECFP4_179,ECFP4_180,ECFP4_181,ECFP4_182,ECFP4_183,ECFP4_184,ECFP4_185,ECFP4_186,ECFP4_187,ECFP4_188,ECFP4_189,ECFP4_190,ECFP4_191,ECFP4_192,ECFP4_193,ECFP4_194,ECFP4_195,ECFP4_196,ECFP4_197,ECFP4_198,ECFP4_199,ECFP4_200,ECFP4_201,ECFP4_202,ECFP4_203,ECFP4_204,ECFP4_205,ECFP4_206,ECFP4_207,ECFP4_208,ECFP4_209,ECFP4_210,ECFP4_211,ECFP4_212,ECFP4_213,ECFP4_214,ECFP4_215,ECFP4_216,ECFP4_217,ECFP4_218,ECFP4_219,ECFP4_220,ECFP4_221,ECFP4_222,ECFP4_223,ECFP4_224,ECFP4_225,ECFP4_226,ECFP4_227,ECFP4_228,ECFP4_229,ECFP4_230,ECFP4_231,ECFP4_232,ECFP4_233,ECFP4_234,ECFP4_235,ECFP4_236,ECFP4_237,ECFP4_238,ECFP4_239,ECFP4_240,ECFP4_241,ECFP4_242,ECFP4_243,ECFP4_244,ECFP4_245,ECFP4_246,ECFP4_247,ECFP4_248,ECFP4_249,ECFP4_250,ECFP4_251,ECFP4_252,ECFP4_253,ECFP4_254,ECFP4_255,ECFP4_256,ECFP4_257,ECFP4_258,ECFP4_259,ECFP4_260,ECFP4_261,ECFP4_262,ECFP4_263,ECFP4_264,ECFP4_265,ECFP4_266,ECFP4_267,ECFP4_268,ECFP4_269,ECFP4_270,ECFP4_271,ECFP4_272,ECFP4_273,ECFP4_274,ECFP4_275,ECFP4_276,ECFP4_277,ECFP4_278,ECFP4_279,ECFP4_280,ECFP4_281,ECFP4_282,ECFP4_283,ECFP4_284,ECFP4_285,ECFP4_286,ECFP4_287,ECFP4_288,ECFP4_289,ECFP4_290,ECFP4_291,ECFP4_292,ECFP4_293,ECFP4_294,ECFP4_295,ECFP4_296,ECFP4_297,ECFP4_298,ECFP4_299,ECFP4_300,ECFP4_301,ECFP4_302,ECFP4_303,ECFP4_304,ECFP4_305,ECFP4_306,ECFP4_307,ECFP4_308,ECFP4_309,ECFP4_310,ECFP4_311,ECFP4_312,ECFP4_313,ECFP4_314,ECFP4_315,ECFP4_316,ECFP4_317,ECFP4_318,ECFP4_319,ECFP4_320,ECFP4_321,ECFP4_322,ECFP4_323,ECFP4_324,ECFP4_325,ECFP4_326,ECFP4_327,ECFP4_328,ECFP4_329,ECFP4_330,ECFP4_331,ECFP4_332,ECFP4_333,ECFP4_334,ECFP4_335,ECFP4_336,ECFP4_337,ECFP4_338,ECFP4_339,ECFP4_340,ECFP4_341,ECFP4_342,ECFP4_343,ECFP4_344,ECFP4_345,ECFP4_346,ECFP4_347,ECFP4_348,ECFP4_349,ECFP4_350,ECFP4_351,ECFP4_352,ECFP4_353,ECFP4_354,ECFP4_355,ECFP4_356,ECFP4_357,ECFP4_358,ECFP4_359,ECFP4_360,ECFP4_361,ECFP4_362,ECFP4_363,ECFP4_364,ECFP4_365,ECFP4_366,ECFP4_367,ECFP4_368,ECFP4_369,ECFP4_370,ECFP4_371,ECFP4_372,ECFP4_373,ECFP4_374,ECFP4_375,ECFP4_376,ECFP4_377,ECFP4_378,ECFP4_379,ECFP4_380,ECFP4_381,ECFP4_382,ECFP4_383,ECFP4_384,ECFP4_385,ECFP4_386,ECFP4_387,ECFP4_388,ECFP4_389,ECFP4_390,ECFP4_391,ECFP4_392,ECFP4_393,ECFP4_394,ECFP4_395,ECFP4_396,ECFP4_397,ECFP4_398,ECFP4_399,ECFP4_400,ECFP4_401,ECFP4_402,ECFP4_403,ECFP4_404,ECFP4_405,ECFP4_406,ECFP4_407,ECFP4_408,ECFP4_409,ECFP4_410,ECFP4_411,ECFP4_412,ECFP4_413,ECFP4_414,ECFP4_415,ECFP4_416,ECFP4_417,ECFP4_418,ECFP4_419,ECFP4_420,ECFP4_421,ECFP4_422,ECFP4_423,ECFP4_424,ECFP4_425,ECFP4_426,ECFP4_427,ECFP4_428,ECFP4_429,ECFP4_430,ECFP4_431,ECFP4_432,ECFP4_433,ECFP4_434,ECFP4_435,ECFP4_436,ECFP4_437,ECFP4_438,ECFP4_439,ECFP4_440,ECFP4_441,ECFP4_442,ECFP4_443,ECFP4_444,ECFP4_445,ECFP4_446,ECFP4_447,ECFP4_448,ECFP4_449,ECFP4_450,ECFP4_451,ECFP4_452,ECFP4_453,ECFP4_454,ECFP4_455,ECFP4_456,ECFP4_457,ECFP4_458,ECFP4_459,ECFP4_460,ECFP4_461,ECFP4_462,ECFP4_463,ECFP4_464,ECFP4_465,ECFP4_466,ECFP4_467,ECFP4_468,ECFP4_469,ECFP4_470,ECFP4_471,ECFP4_472,ECFP4_473,ECFP4_474,ECFP4_475,ECFP4_476,ECFP4_477,ECFP4_478,ECFP4_479,ECFP4_480,ECFP4_481,ECFP4_482,ECFP4_483,ECFP4_484,ECFP4_485,ECFP4_486,ECFP4_487,ECFP4_488,ECFP4_489,ECFP4_490,ECFP4_491,ECFP4_492,ECFP4_493,ECFP4_494,ECFP4_495,ECFP4_496,ECFP4_497,ECFP4_498,ECFP4_499,ECFP4_500,ECFP4_501,ECFP4_502,ECFP4_503,ECFP4_504,ECFP4_505,ECFP4_506,ECFP4_507,ECFP4_508,ECFP4_509,ECFP4_510,ECFP4_511,ECFP4_512,ECFP4_513,ECFP4_514,ECFP4_515,ECFP4_516,ECFP4_517,ECFP4_518,ECFP4_519,ECFP4_520,ECFP4_521,ECFP4_522,ECFP4_523,ECFP4_524,ECFP4_525,ECFP4_526,ECFP4_527,ECFP4_528,ECFP4_529,ECFP4_530,ECFP4_531,ECFP4_532,ECFP4_533,ECFP4_534,ECFP4_535,ECFP4_536,ECFP4_537,ECFP4_538,ECFP4_539,ECFP4_540,ECFP4_541,ECFP4_542,ECFP4_543,ECFP4_544,ECFP4_545,ECFP4_546,ECFP4_547,ECFP4_548,ECFP4_549,ECFP4_550,ECFP4_551,ECFP4_552,ECFP4_553,ECFP4_554,ECFP4_555,ECFP4_556,ECFP4_557,ECFP4_558,ECFP4_559,ECFP4_560,ECFP4_561,ECFP4_562,ECFP4_563,ECFP4_564,ECFP4_565,ECFP4_566,ECFP4_567,ECFP4_568,ECFP4_569,ECFP4_570,ECFP4_571,ECFP4_572,ECFP4_573,ECFP4_574,ECFP4_575,ECFP4_576,ECFP4_577,ECFP4_578,ECFP4_579,ECFP4_580,ECFP4_581,ECFP4_582,ECFP4_583,ECFP4_584,ECFP4_585,ECFP4_586,ECFP4_587,ECFP4_588,ECFP4_589,ECFP4_590,ECFP4_591,ECFP4_592,ECFP4_593,ECFP4_594,ECFP4_595,ECFP4_596,ECFP4_597,ECFP4_598,ECFP4_599,ECFP4_600,ECFP4_601,ECFP4_602,ECFP4_603,ECFP4_604,ECFP4_605,ECFP4_606,ECFP4_607,ECFP4_608,ECFP4_609,ECFP4_610,ECFP4_611,ECFP4_612,ECFP4_613,ECFP4_614,ECFP4_615,ECFP4_616,ECFP4_617,ECFP4_618,ECFP4_619,ECFP4_620,ECFP4_621,ECFP4_622,ECFP4_623,ECFP4_624,ECFP4_625,ECFP4_626,ECFP4_627,ECFP4_628,ECFP4_629,ECFP4_630,ECFP4_631,ECFP4_632,ECFP4_633,ECFP4_634,ECFP4_635,ECFP4_636,ECFP4_637,ECFP4_638,ECFP4_639,ECFP4_640,ECFP4_641,ECFP4_642,ECFP4_643,ECFP4_644,ECFP4_645,ECFP4_646,ECFP4_647,ECFP4_648,ECFP4_649,ECFP4_650,ECFP4_651,ECFP4_652,ECFP4_653,ECFP4_654,ECFP4_655,ECFP4_656,ECFP4_657,ECFP4_658,ECFP4_659,ECFP4_660,ECFP4_661,ECFP4_662,ECFP4_663,ECFP4_664,ECFP4_665,ECFP4_666,ECFP4_667,ECFP4_668,ECFP4_669,ECFP4_670,ECFP4_671,ECFP4_672,ECFP4_673,ECFP4_674,ECFP4_675,ECFP4_676,ECFP4_677,ECFP4_678,ECFP4_679,ECFP4_680,ECFP4_681,ECFP4_682,ECFP4_683,ECFP4_684,ECFP4_685,ECFP4_686,ECFP4_687,ECFP4_688,ECFP4_689,ECFP4_690,ECFP4_691,ECFP4_692,ECFP4_693,ECFP4_694,ECFP4_695,ECFP4_696,ECFP4_697,ECFP4_698,ECFP4_699,ECFP4_700,ECFP4_701,ECFP4_702,ECFP4_703,ECFP4_704,ECFP4_705,ECFP4_706,ECFP4_707,ECFP4_708,ECFP4_709,ECFP4_710,ECFP4_711,ECFP4_712,ECFP4_713,ECFP4_714,ECFP4_715,ECFP4_716,ECFP4_717,ECFP4_718,ECFP4_719,ECFP4_720,ECFP4_721,ECFP4_722,ECFP4_723,ECFP4_724,ECFP4_725,ECFP4_726,ECFP4_727,ECFP4_728,ECFP4_729,ECFP4_730,ECFP4_731,ECFP4_732,ECFP4_733,ECFP4_734,ECFP4_735,ECFP4_736,ECFP4_737,ECFP4_738,ECFP4_739,ECFP4_740,ECFP4_741,ECFP4_742,ECFP4_743,ECFP4_744,ECFP4_745,ECFP4_746,ECFP4_747,ECFP4_748,ECFP4_749,ECFP4_750,ECFP4_751,ECFP4_752,ECFP4_753,ECFP4_754,ECFP4_755,ECFP4_756,ECFP4_757,ECFP4_758,ECFP4_759,ECFP4_760,ECFP4_761,ECFP4_762,ECFP4_763,ECFP4_764,ECFP4_765,ECFP4_766,ECFP4_767,ECFP4_768,ECFP4_769,ECFP4_770,ECFP4_771,ECFP4_772,ECFP4_773,ECFP4_774,ECFP4_775,ECFP4_776,ECFP4_777,ECFP4_778,ECFP4_779,ECFP4_780,ECFP4_781,ECFP4_782,ECFP4_783,ECFP4_784,ECFP4_785,ECFP4_786,ECFP4_787,ECFP4_788,ECFP4_789,ECFP4_790,ECFP4_791,ECFP4_792,ECFP4_793,ECFP4_794,ECFP4_795,ECFP4_796,ECFP4_797,ECFP4_798,ECFP4_799,ECFP4_800,ECFP4_801,ECFP4_802,ECFP4_803,ECFP4_804,ECFP4_805,ECFP4_806,ECFP4_807,ECFP4_808,ECFP4_809,ECFP4_810,ECFP4_811,ECFP4_812,ECFP4_813,ECFP4_814,ECFP4_815,ECFP4_816,ECFP4_817,ECFP4_818,ECFP4_819,ECFP4_820,ECFP4_821,ECFP4_822,ECFP4_823,ECFP4_824,ECFP4_825,ECFP4_826,ECFP4_827,ECFP4_828,ECFP4_829,ECFP4_830,ECFP4_831,ECFP4_832,ECFP4_833,ECFP4_834,ECFP4_835,ECFP4_836,ECFP4_837,ECFP4_838,ECFP4_839,ECFP4_840,ECFP4_841,ECFP4_842,ECFP4_843,ECFP4_844,ECFP4_845,ECFP4_846,ECFP4_847,ECFP4_848,ECFP4_849,ECFP4_850,ECFP4_851,ECFP4_852,ECFP4_853,ECFP4_854,ECFP4_855,ECFP4_856,ECFP4_857,ECFP4_858,ECFP4_859,ECFP4_860,ECFP4_861,ECFP4_862,ECFP4_863,ECFP4_864,ECFP4_865,ECFP4_866,ECFP4_867,ECFP4_868,ECFP4_869,ECFP4_870,ECFP4_871,ECFP4_872,ECFP4_873,ECFP4_874,ECFP4_875,ECFP4_876,ECFP4_877,ECFP4_878,ECFP4_879,ECFP4_880,ECFP4_881,ECFP4_882,ECFP4_883,ECFP4_884,ECFP4_885,ECFP4_886,ECFP4_887,ECFP4_888,ECFP4_889,ECFP4_890,ECFP4_891,ECFP4_892,ECFP4_893,ECFP4_894,ECFP4_895,ECFP4_896,ECFP4_897,ECFP4_898,ECFP4_899,ECFP4_900,ECFP4_901,ECFP4_902,ECFP4_903,ECFP4_904,ECFP4_905,ECFP4_906,ECFP4_907,ECFP4_908,ECFP4_909,ECFP4_910,ECFP4_911,ECFP4_912,ECFP4_913,ECFP4_914,ECFP4_915,ECFP4_916,ECFP4_917,ECFP4_918,ECFP4_919,ECFP4_920,ECFP4_921,ECFP4_922,ECFP4_923,ECFP4_924,ECFP4_925,ECFP4_926,ECFP4_927,ECFP4_928,ECFP4_929,ECFP4_930,ECFP4_931,ECFP4_932,ECFP4_933,ECFP4_934,ECFP4_935,ECFP4_936,ECFP4_937,ECFP4_938,ECFP4_939,ECFP4_940,ECFP4_941,ECFP4_942,ECFP4_943,ECFP4_944,ECFP4_945,ECFP4_946,ECFP4_947,ECFP4_948,ECFP4_949,ECFP4_950,ECFP4_951,ECFP4_952,ECFP4_953,ECFP4_954,ECFP4_955,ECFP4_956,ECFP4_957,ECFP4_958,ECFP4_959,ECFP4_960,ECFP4_961,ECFP4_962,ECFP4_963,ECFP4_964,ECFP4_965,ECFP4_966,ECFP4_967,ECFP4_968,ECFP4_969,ECFP4_970,ECFP4_971,ECFP4_972,ECFP4_973,ECFP4_974,ECFP4_975,ECFP4_976,ECFP4_977,ECFP4_978,ECFP4_979,ECFP4_980,ECFP4_981,ECFP4_982,ECFP4_983,ECFP4_984,ECFP4_985,ECFP4_986,ECFP4_987,ECFP4_988,ECFP4_989,ECFP4_990,ECFP4_991,ECFP4_992,ECFP4_993,ECFP4_994,ECFP4_995,ECFP4_996,ECFP4_997,ECFP4_998,ECFP4_999,ECFP4_1000,ECFP4_1001,ECFP4_1002,ECFP4_1003,ECFP4_1004,ECFP4_1005,ECFP4_1006,ECFP4_1007,ECFP4_1008,ECFP4_1009,ECFP4_1010,ECFP4_1011,ECFP4_1012,ECFP4_1013,ECFP4_1014,ECFP4_1015,ECFP4_1016,ECFP4_1017,ECFP4_1018,ECFP4_1019,ECFP4_1020,ECFP4_1021,ECFP4_1022,ECFP4_1023,ECFP4_1024
CC1(C)OC2CC(=O)OCC23C1CC(=O)C1(C)C3CCC2(C)C(c3ccoc3)OC(=O)C3OC321,0,0,0,0,0,0,0,0,0,0,0,0,0,0,0,0,0,0,0,0,0,0,0,0,0,0,0,0,0,0,0,1,0,1,0,0,1,0,0,0,0,0,0,0,0,0,1,0,0,0,0,0,0,0,0,0,0,0,0,0,0,0,0,0,0,0,0,1,0,0,0,0,0,0,0,0,0,0,0,0,0,0,0,0,0,0,0,0,0,0,0,0,0,0,0,1,0,0,0,0,0,0,0,0,0,0,0,0,0,1,0,0,0,0,0,0,0,0,0,0,0,0,0,0,0,0,0,0,0,0,0,0,0,0,0,0,0,0,1,0,0,0,0,0,0,0,0,0,0,0,0,0,0,0,0,0,0,0,0,0,0,0,0,0,0,0,0,0,0,0,0,0,0,0,0,0,0,0,0,0,0,0,1,0,0,0,0,0,0,0,0,0,0,0,0,0,0,0,0,0,1,0,0,0,0,0,0,0,0,0,0,0,0,0,0,0,0,0,0,0,0,0,0,0,0,0,0,0,0,0,0,1,0,0,0,0,0,0,0,0,0,0,0,0,0,0,0,0,0,0,1,0,0,0,0,1,0,0,0,0,0,0,0,0,0,1,0,1,0,0,0,0,0,0,0,0,0,0,0,0,0,1,0,1,1,0,0,0,0,0,0,0,0,0,0,0,0,0,0,0,0,1,0,0,0,0,0,0,0,0,0,0,0,0,1,0,0,0,0,0,0,0,0,0,0,0,0,0,0,0,0,0,0,0,0,0,0,0,0,0,0,0,0,0,0,0,0,0,0,0,0,0,0,0,0,0,1,0,0,0,0,0,0,0,0,0,0,0,0,0,0,0,0,0,0,0,0,0,0,0,0,0,0,0,1,0,0,0,0,0,0,0,0,0,0,0,1,0,0,0,1,0,0,0,0,0,0,0,0,0,0,0,1,0,0,0,0,0,0,0,0,0,0,0,0,0,0,0,0,0,0,0,0,0,0,0,0,0,0,0,0,1,0,0,0,0,0,0,0,1,0,0,0,0,0,0,0,0,0,0,0,0,0,0,0,0,0,0,0,0,0,0,0,0,0,0,0,0,1,0,0,0,0,0,0,0,0,0,0,0,0,0,0,0,0,0,0,0,0,0,0,0,0,0,0,0,0,0,0,0,0,0,0,0,0,0,0,0,0,0,0,0,0,0,0,0,1,0,0,0,0,0,0,0,0,0,0,0,0,0,0,0,0,0,0,0,0,0,0,0,0,0,0,0,0,1,0,0,0,0,0,0,0,0,0,0,0,0,0,0,0,0,0,0,0,0,0,0,0,0,0,0,0,0,0,0,0,0,0,0,0,0,0,0,0,0,0,0,0,0,0,0,0,0,0,0,0,0,0,0,0,0,0,0,0,0,0,0,0,0,0,0,0,0,0,0,0,0,0,0,0,0,1,0,0,0,0,0,0,0,0,0,0,0,0,0,0,0,0,0,1,0,0,0,0,0,1,0,0,0,0,0,0,0,0,0,0,0,0,0,0,0,0,0,1,0,0,0,0,0,0,0,0,0,0,0,0,0,0,0,0,0,0,0,0,0,0,0,0,0,0,0,1,0,0,0,1,0,0,0,0,0,0,0,0,0,0,0,0,0,0,1,0,1,0,0,1,0,0,0,0,0,0,0,0,0,0,0,0,0,0,0,0,0,0,0,1,0,0,0,1,0,0,0,0,0,0,0,0,0,0,1,0,0,0,0,0,0,0,0,0,0,0,0,0,0,0,0,0,0,0,0,0,0,0,0,0,1,0,0,0,0,0,0,0,0,0,0,0,0,0,0,0,0,0,1,0,0,0,0,0,0,0,0,0,0,1,0,0,0,0,0,0,0,0,0,0,0,0,0,0,1,0,0,0,0,1,0,0,0,0,0,1,0,0,1,0,0,0,1,0,0,0,0,0,0,0,0,0,0,0,0,0,0,0,0,0,0,0,0,0,0,0,0,0,0,0,0,0,0,0,0,0,0,0,0,0,0,0,0,0,0,0,0,0,1,0,0,0,0,0,0,0,0,0,0,0,0,0,0,0,0,0,0,0,0,0,0,0,0,0,0,0,0,0,0,1,0,1,0,0,0,0,0,0,1,0,0,0,0,0,1,0,0,0,0,0,0,0,0,0,0,0,0,0,0,0,0,0,0,0,0,0,0,0,0,0,0,0,0,1,0,0,0,0,0,0,0,0,0,0,0,0,0,0,0,0,0,0,0,0,0,0,0,0,0,1,0,0,0,0,0,0,0,0,0,1,0,0,0,0,0,0,0,0,0,0,0,0,1,0,0,0,0
OCC1OC(OC2(CBr)OC(CBr)C(O)C2O)C(O)C(O)C1Br,1,0,0,0,0,0,0,0,0,0,0,0,0,0,0,0,0,0,0,0,0,0,0,0,0,0,0,0,0,0,0,0,0,0,0,0,1,0,0,0,0,0,0,0,0,0,1,0,0,0,0,0,0,0,0,0,0,0,0,0,0,0,0,0,0,0,0,0,0,0,0,0,0,0,0,0,0,0,0,0,1,0,0,0,0,0,0,0,0,0,0,0,0,0,0,0,0,0,0,0,0,0,0,0,0,0,0,0,0,1,0,0,0,0,1,0,0,0,0,0,0,0,0,0,0,0,0,0,0,0,0,0,0,0,0,0,0,0,0,0,0,0,0,0,0,0,0,0,0,0,0,0,0,0,0,0,0,0,0,0,0,0,0,0,1,1,0,0,0,0,0,0,0,0,0,0,0,0,0,0,0,0,0,0,0,0,0,0,0,0,0,0,0,0,0,0,0,0,0,0,0,0,0,0,1,0,0,0,0,0,0,0,0,0,0,0,0,0,0,0,0,0,1,0,0,0,0,0,0,0,0,0,0,1,0,0,0,0,0,1,0,0,0,0,0,0,0,0,0,0,0,1,0,0,0,0,0,0,0,0,0,0,0,0,0,0,0,0,0,0,0,0,0,0,0,0,0,0,0,0,0,0,0,0,0,0,0,0,0,0,0,0,0,0,0,0,0,0,0,1,0,0,0,0,0,0,0,0,0,0,0,0,0,0,0,0,0,0,0,0,0,0,0,0,0,0,0,0,0,0,0,0,0,0,0,0,0,0,0,0,0,0,0,0,0,0,0,0,0,0,0,0,0,0,0,0,1,0,0,0,0,0,0,0,0,0,0,0,0,0,0,0,0,0,0,1,0,0,0,0,0,0,0,0,0,0,0,0,0,0,0,0,0,0,0,0,0,0,0,0,0,0,0,0,0,0,0,0,0,0,0,0,0,0,0,0,0,0,0,0,0,0,0,0,0,0,0,0,0,0,0,0,0,0,0,0,0,0,0,0,0,0,0,0,0,0,0,0,0,0,0,0,0,0,0,0,0,0,0,0,0,0,0,1,0,0,0,0,0,0,0,0,0,0,0,0,0,0,0,0,0,0,0,0,0,0,0,0,0,1,0,0,1,0,0,0,0,0,0,0,0,0,0,0,0,0,0,0,0,0,0,0,0,0,0,0,0,0,0,0,0,0,0,0,0,0,0,0,0,0,0,0,0,0,0,0,0,0,0,0,0,0,0,0,0,0,0,0,0,0,0,0,0,0,0,0,0,0,0,0,0,0,0,0,0,0,0,0,0,0,0,0,0,0,0,0,0,0,0,0,1,0,0,0,0,0,0,0,0,1,0,0,0,0,0,0,0,0,0,0,0,0,0,0,0,0,0,0,0,0,1,0,0,0,1,0,0,0,0,0,0,0,0,0,0,0,0,1,0,0,0,0,0,0,0,0,0,0,0,0,0,0,0,0,0,0,0,0,0,0,0,0,0,0,0,0,1,1,0,0,0,0,0,0,0,0,0,0,0,0,0,0,0,0,0,0,0,0,0,0,0,0,0,0,0,0,0,0,0,0,0,0,0,0,0,1,0,1,0,0,0,0,0,0,0,0,0,0,0,0,0,0,0,0,0,0,0,0,0,0,0,0,0,0,0,0,0,0,1,0,0,0,0,0,0,0,0,0,0,0,1,0,0,0,0,0,0,0,0,0,0,0,0,0,0,0,0,0,0,0,0,0,0,0,0,0,1,0,0,0,0,0,0,0,0,0,0,0,0,0,0,0,0,0,0,0,0,0,0,0,0,0,0,0,0,0,0,0,0,0,0,0,0,0,0,0,0,1,0,0,0,0,0,0,0,0,0,0,0,0,0,0,0,0,0,0,0,0,0,0,0,0,0,0,0,0,0,0,0,0,0,0,0,1,0,0,0,0,0,0,0,0,0,0,0,0,0,0,0,0,0,0,0,0,0,0,0,0,0,0,0,0,0,0,0,0,0,0,0,0,0,0,0,0,0,0,0,0,0,0,0,0,0,0,0,0,0,1,0,0,0,0,0,0,0,0,0,0,0,0,0,0,0,0,0,0,0,0,0,0,0,0,0,0,0,0,0,0,0,0,0,0,0,0,0,0,0,0,0,0,0,0,0,0,0,0,0,0,0,0,0,0,0,1,0,0,0,0,0,0,0,1,0,0,0,0,0,0,0,0,0,0,0,0,0,0,0,0,1,0,0,0,0,0,0,0,0,0,0,0,0,0,0,0,0,0,0,0,0,0,0,0,0,0,0,0,0,0,0,0,0,0,0,0,0,0,0,0,0,1,0,0,0,0
CC1C2CC(C)CCN2C2CC3C4CC=C5CC(OC6OC(CO)C(O)C(OC7OC(CO)C(O)C(O)C7O)C6OC6OC(C)C(O)C(O)C6O)CCC5(C)C4CCC3(C)C12,0,0,0,0,0,1,0,1,0,0,0,0,0,1,0,0,1,0,0,0,0,0,0,0,0,0,0,0,0,0,0,0,0,1,0,0,1,0,0,1,0,0,0,0,0,0,0,0,0,0,0,0,0,1,0,0,0,0,0,0,0,0,0,0,0,0,0,0,0,0,0,0,0,1,0,0,0,0,0,0,1,0,0,0,0,0,0,0,0,0,0,0,0,0,0,0,0,0,0,0,0,0,0,0,0,0,0,0,0,0,0,0,0,0,0,0,0,0,0,1,0,0,0,0,1,0,0,0,0,0,0,0,0,0,0,0,0,0,1,0,0,0,0,0,0,0,0,0,0,0,0,0,0,0,0,0,0,0,1,0,0,0,0,0,0,0,0,0,0,0,0,0,0,0,0,0,0,0,0,0,0,0,0,0,0,0,0,0,0,0,0,0,0,0,0,0,0,0,0,0,0,0,0,1,0,0,0,0,0,0,1,0,0,0,0,0,0,0,0,0,0,0,1,0,0,0,0,0,0,0,0,1,0,1,0,0,0,0,0,1,0,0,0,0,0,1,0,0,0,0,1,0,0,0,0,0,0,0,0,0,0,0,0,0,0,0,0,0,1,0,0,0,0,0,0,0,0,0,0,0,0,0,0,0,0,1,0,0,0,0,0,0,0,0,0,0,0,0,0,1,0,1,1,0,0,0,0,0,0,0,0,0,0,0,0,0,0,0,0,0,0,0,0,0,1,0,0,0,0,0,0,0,0,0,0,0,0,0,0,1,0,0,0,0,0,0,0,0,0,0,0,0,0,0,0,0,1,1,0,0,0,0,0,0,0,0,0,0,0,0,0,0,0,0,1,0,0,1,0,0,0,0,0,0,0,0,0,0,0,0,0,0,0,0,0,0,0,0,0,0,0,0,0,0,0,0,0,0,0,0,0,0,0,0,0,0,0,0,0,0,0,0,0,0,0,0,0,0,0,0,0,0,0,0,0,0,0,0,0,0,0,0,0,1,0,0,0,0,0,0,0,0,0,1,0,0,1,0,0,0,0,0,0,1,0,0,0,0,0,0,0,0,0,0,0,0,0,0,0,0,0,0,0,0,0,0,0,0,0,1,0,0,1,0,0,0,0,0,0,0,0,0,0,0,1,0,1,0,0,0,0,0,0,0,0,0,0,0,0,1,0,0,0,0,0,0,0,0,0,1,0,0,0,0,0,0,0,0,0,0,0,0,0,0,0,0,0,0,0,0,1,0,0,0,0,0,0,0,0,0,0,0,0,0,0,0,0,0,0,0,0,0,0,0,0,0,0,0,0,0,0,0,0,0,0,0,0,0,0,0,0,0,0,0,0,0,0,0,1,0,0,0,0,0,0,0,0,0,0,0,1,0,0,0,0,0,0,0,0,0,0,0,1,0,0,0,0,0,0,0,0,0,0,0,0,0,0,0,0,0,0,0,0,0,0,1,0,0,0,0,0,0,0,0,0,0,1,0,0,0,0,0,0,0,0,1,0,0,0,1,0,0,0,0,0,0,0,0,0,0,0,0,0,0,0,0,0,0,0,0,0,0,0,0,1,1,1,0,0,0,0,0,0,0,0,0,0,0,0,0,0,0,0,0,0,1,0,0,0,0,0,0,1,0,0,0,0,0,0,0,0,0,0,0,0,1,0,1,0,0,1,0,0,0,0,0,0,0,0,0,0,0,0,0,0,0,0,1,0,0,0,0,0,0,0,0,0,1,0,0,0,0,1,0,0,0,0,0,0,0,0,0,0,0,0,0,0,0,0,0,0,0,0,0,0,0,0,0,0,0,0,0,0,0,0,0,0,1,0,0,0,0,0,0,0,0,0,1,0,0,1,0,0,0,0,0,0,0,0,0,0,0,0,0,0,0,0,0,0,0,0,0,0,0,0,0,0,0,0,1,0,0,0,0,0,0,0,0,0,1,1,1,0,0,0,0,0,0,0,1,0,0,0,0,0,0,0,0,0,0,0,0,0,0,0,0,0,0,0,0,0,0,0,0,0,0,0,1,0,0,0,0,0,0,0,0,0,0,0,0,0,0,0,0,0,0,0,0,0,0,0,0,0,0,0,0,1,1,0,0,0,0,0,0,0,1,0,0,0,0,0,0,0,0,0,1,0,0,0,0,0,0,0,1,0,0,0,0,0,0,0,0,0,0,0,0,0,0,0,0,0,0,0,0,0,0,0,0,0,0,0,0,0,0,0,0,0,0,0,0,0,0,0,0,0,0,0,0,0,1,0,0,0,0,0,0,0,0,0,1,0,0,0,0,0,0,0,0,0,1,0,0,0,0
COc1ccc2c(c1)S(=O)(=O)NC2=O,0,0,0,0,0,0,0,0,0,0,0,0,0,0,0,0,0,0,0,0,0,0,0,0,0,0,0,0,0,0,0,0,0,1,0,0,0,0,0,0,0,0,0,0,0,0,0,0,0,0,0,0,0,0,0,0,0,0,0,0,0,0,0,0,0,0,0,0,0,0,0,0,0,0,0,0,0,0,0,0,0,0,0,0,0,0,0,0,0,0,1,0,0,0,0,0,0,0,0,0,0,0,0,0,0,0,0,0,0,0,0,0,0,0,0,0,0,0,0,0,0,0,0,0,0,0,0,0,0,0,0,0,0,0,0,0,0,0,0,0,0,0,0,0,0,0,0,0,0,0,0,0,0,0,0,0,0,0,0,0,0,0,0,0,0,0,0,0,0,0,0,0,0,0,0,0,0,0,0,0,0,0,0,0,0,0,0,0,0,0,0,0,0,0,0,0,0,0,0,0,0,0,0,0,0,0,1,1,0,0,0,0,0,0,0,0,0,0,0,0,0,0,0,0,0,0,0,0,0,0,0,0,0,0,0,0,0,0,0,0,0,0,0,0,0,0,0,0,0,0,0,0,0,0,0,0,0,0,0,0,0,0,0,0,0,0,0,0,0,0,0,0,0,0,0,0,0,0,0,0,0,0,0,0,0,0,0,0,0,0,0,0,0,0,0,0,0,0,0,0,0,0,0,0,0,0,0,0,0,0,0,0,0,0,1,0,0,0,0,0,0,0,1,0,0,0,0,0,0,0,0,0,0,0,0,0,0,0,0,0,0,0,0,0,0,0,0,0,0,0,0,0,1,0,0,0,1,0,0,0,0,0,0,0,0,0,0,0,0,0,0,0,0,0,0,0,0,0,0,0,0,0,0,0,0,0,0,0,0,0,0,0,0,0,0,0,0,0,0,0,0,0,0,0,0,0,0,0,0,0,0,0,0,0,0,0,0,0,0,0,0,0,0,0,0,0,0,0,0,0,0,0,0,0,0,0,0,0,0,0,0,0,0,0,0,0,0,0,0,0,0,0,0,0,0,0,0,0,0,0,0,0,0,0,0,0,0,0,0,1,0,0,0,0,0,0,0,0,0,0,0,0,0,0,0,0,0,0,0,0,0,0,0,0,0,0,0,0,0,0,0,0,0,0,0,0,0,0,0,0,0,0,1,0,0,0,0,0,0,0,0,0,0,0,0,0,0,0,0,0,0,0,0,0,0,0,0,1,0,0,0,0,0,0,0,0,0,0,0,0,0,0,0,0,0,0,0,0,0,0,0,0,0,0,0,1,0,0,0,0,0,0,0,0,0,0,0,0,0,0,0,0,0,0,0,0,0,0,0,0,0,0,0,0,0,0,0,0,0,0,0,0,0,0,0,0,0,0,0,0,0,0,0,0,0,0,0,0,0,0,0,0,0,0,0,0,0,0,0,0,0,0,0,1,0,0,0,0,0,0,0,0,0,0,0,0,0,0,0,0,1,0,0,0,0,0,0,0,0,0,0,0,0,0,0,0,0,0,0,0,0,0,0,0,0,0,0,0,0,0,1,0,0,0,0,0,0,0,0,0,0,0,0,0,0,1,0,0,0,0,0,0,0,0,0,0,0,0,0,0,0,0,0,0,0,0,0,0,1,0,0,0,0,0,0,0,1,0,0,0,0,0,0,0,0,0,0,0,0,0,0,0,0,0,0,0,0,0,0,0,0,0,0,0,0,0,0,0,0,0,0,0,1,0,0,0,0,0,0,0,0,0,0,0,0,0,0,0,0,0,0,1,0,0,0,0,0,0,0,0,0,0,0,0,0,0,0,0,0,0,0,0,0,0,0,0,0,0,0,0,0,0,0,0,0,0,0,0,0,0,0,0,0,0,0,0,0,0,0,0,0,0,0,0,0,0,0,0,0,0,1,1,0,0,0,0,0,0,0,1,0,0,0,0,0,0,0,1,0,0,0,0,0,0,0,0,0,0,0,0,0,0,0,0,0,1,0,0,0,0,0,0,0,0,1,0,0,0,0,0,0,0,0,1,0,0,0,0,0,0,0,0,0,0,0,0,0,0,0,0,0,0,0,0,0,0,0,0,0,0,0,0,0,0,1,0,0,0,0,0,0,0,0,0,0,0,0,0,0,0,0,0,0,0,0,0,0,0,1,0,0,0,0,0,0,0,0,0,0,0,0,0,0,0,0,0,0,0,0,0,0,0,0,0,0,0,0,0,0,0,0,0,0,0,0,0,0,0,0,0,0,0,0,0,0,0,0,0,0,0,0,0,0,0,0,0,0,0,0,0,0,0,0,0,0,0,0,0,0,0,0,0,0,0
CCOc1ccc(CCC(=O)c2c(O)cccc2O)cc1O,0,0,0,0,0,0,0,0,0,0,0,0,0,0,0,1,0,0,0,0,0,0,0,0,0,0,0,0,0,0,0,0,0,1,0,0,0,0,0,0,1,0,0,0,0,0,0,0,0,0,0,0,0,0,0,0,0,0,0,0,0,0,0,0,1,0,1,0,0,0,0,0,0,0,0,0,0,0,0,0,1,0,0,0,0,0,0,0,0,0,0,0,0,0,1,0,0,0,0,0,0,0,0,0,1,0,0,0,0,0,0,0,0,0,0,0,1,0,0,0,0,0,0,0,0,0,0,0,0,0,0,0,0,0,0,0,0,0,0,0,0,0,0,0,0,0,0,0,0,0,0,0,0,0,0,0,0,0,0,0,0,0,0,0,0,0,0,0,0,0,0,0,0,0,0,0,0,0,0,0,0,0,0,0,0,0,0,0,0,0,0,0,0,1,0,0,0,0,0,0,0,0,0,0,0,0,0,0,0,0,0,0,0,0,1,0,0,0,0,1,0,0,0,0,0,0,0,0,0,0,0,0,0,0,0,0,0,1,0,0,0,0,0,0,0,0,0,0,0,0,0,0,0,0,0,0,0,0,0,0,0,0,0,0,0,0,0,0,0,0,0,0,0,0,0,0,0,0,0,0,0,0,0,0,0,0,0,0,0,0,0,0,0,0,1,0,0,0,0,0,0,0,0,0,0,0,0,0,0,0,1,0,1,0,0,0,0,0,0,0,0,0,0,0,0,0,0,0,0,0,0,0,0,0,0,0,0,0,0,0,0,0,0,0,0,0,0,0,0,0,0,0,0,0,0,0,1,0,0,0,0,0,0,0,0,0,0,0,0,0,0,0,0,0,0,0,0,0,0,0,0,0,0,0,0,0,0,0,0,0,0,0,0,0,0,0,0,0,0,0,0,0,0,0,0,0,0,0,0,0,0,0,0,0,0,0,0,0,0,0,0,0,0,0,0,1,0,0,1,0,0,0,0,0,0,0,0,1,0,0,0,0,0,0,0,0,0,0,0,0,0,0,0,0,0,0,0,0,0,0,0,0,0,0,0,0,0,0,0,0,0,0,0,0,0,0,0,0,0,0,0,0,0,0,0,0,0,0,0,0,0,0,0,0,0,0,0,0,0,0,0,0,0,0,0,0,0,0,0,0,0,0,0,0,0,0,0,0,0,0,0,0,0,0,0,0,0,0,0,0,0,0,0,0,0,0,0,0,0,0,1,0,0,0,0,0,0,0,0,0,0,0,0,0,0,0,1,0,0,0,0,0,0,0,0,0,0,0,0,0,0,0,0,0,0,0,0,0,1,0,0,0,0,1,0,0,1,0,0,0,0,0,0,0,0,0,0,0,0,0,0,0,0,0,0,0,0,0,0,0,0,0,0,0,0,0,0,0,0,0,0,0,0,0,0,0,0,0,0,0,0,0,0,0,0,0,0,0,0,0,0,0,0,0,0,0,0,0,0,0,1,0,0,0,0,0,0,0,0,0,0,0,0,0,0,0,0,0,0,1,0,0,0,0,0,0,0,0,0,0,0,0,0,0,0,0,0,0,0,0,0,0,0,0,0,1,0,0,0,0,0,0,0,0,0,0,0,0,0,0,0,0,0,0,0,0,0,0,0,0,0,0,0,0,0,0,1,0,0,0,1,0,0,0,0,0,0,0,0,0,0,0,0,0,0,0,0,0,0,0,0,0,0,0,0,0,0,0,0,0,0,0,0,0,0,0,0,0,0,0,0,0,0,0,0,0,0,0,0,0,0,1,0,0,0,0,0,0,0,0,0,0,0,0,0,0,0,0,0,0,0,0,0,0,0,0,0,1,0,0,0,0,0,0,0,0,0,0,0,0,0,0,0,0,0,0,0,0,0,0,0,0,0,0,0,0,0,0,0,0,0,0,0,0,0,0,0,0,0,1,0,0,0,0,0,0,0,0,0,0,0,0,0,0,0,0,0,0,0,0,0,0,0,0,0,1,0,0,0,0,0,0,0,0,0,0,0,0,0,0,0,0,0,1,0,0,0,0,0,0,0,0,0,0,0,0,0,0,0,0,0,0,0,0,0,0,0,0,0,0,0,0,0,0,0,0,0,0,0,0,0,0,0,0,0,0,0,0,0,0,0,0,0,0,0,0,1,0,0,0,0,0,0,0,0,0,0,0,0,0,0,0,0,0,0,0,0,0,0,0,0,0,0,0,0,0,0,0,0,0,0,0,0,0,0,0,0,0,0,0,0,0,0,0,0,0,0,0,0,0,0,0,0,0,0,0,0,0,0,0,0,0,0,0,0,0,0,0,0,0,0,0,0,0
COc1ccc(NCc2ccccc2)cc1O,0,0,0,0,0,0,0,0,0,0,0,0,0,0,0,0,0,0,0,0,0,0,0,0,0,0,0,0,0,0,0,0,0,1,0,0,0,0,0,0,1,0,1,0,0,0,0,0,0,0,0,0,0,0,0,0,0,0,0,0,0,0,0,0,1,0,0,0,0,0,0,0,0,0,0,0,0,0,0,0,1,0,0,0,0,0,0,1,0,0,0,0,0,0,1,0,0,0,0,0,0,0,0,0,0,0,0,0,0,0,0,0,0,0,0,0,0,0,0,0,0,0,0,0,0,0,0,0,1,0,0,0,0,0,0,0,0,0,0,0,0,0,0,0,0,0,0,0,0,0,0,0,0,0,0,0,0,0,0,0,0,0,0,0,0,0,0,0,0,0,0,0,0,0,0,1,0,0,0,0,0,1,0,0,0,0,0,0,0,0,0,1,0,0,0,0,0,0,0,0,0,0,0,0,0,0,0,0,0,0,0,0,0,0,0,0,0,0,0,0,0,0,0,0,0,0,0,0,0,0,0,0,0,0,0,0,0,0,0,0,0,0,0,0,0,0,0,0,0,1,0,0,0,0,0,1,0,0,0,0,0,0,0,0,0,0,0,0,0,0,0,0,0,0,0,0,0,0,0,0,0,0,0,0,0,0,0,0,0,0,0,0,0,0,0,0,0,0,0,0,0,0,0,0,0,0,0,0,0,0,0,0,0,0,0,0,0,0,0,0,0,0,0,0,0,0,0,0,0,0,0,0,0,0,0,0,0,0,0,0,0,0,0,0,0,0,0,0,0,0,0,0,0,0,0,0,1,0,0,0,0,0,0,1,0,0,0,0,0,0,0,0,0,0,0,0,0,0,0,0,0,0,0,0,0,0,0,0,0,1,0,0,1,0,0,0,0,0,0,0,0,0,0,0,0,0,0,0,0,0,0,0,0,0,0,0,0,0,0,0,0,0,0,0,0,0,0,0,0,0,0,0,0,0,0,0,0,0,0,0,0,0,0,0,0,0,0,0,0,0,0,0,0,0,0,0,0,0,0,0,0,0,0,0,0,0,0,0,0,0,0,0,0,0,0,0,0,0,0,0,0,0,0,0,0,0,0,0,0,0,0,0,0,0,0,0,0,0,0,0,0,0,0,0,0,0,0,0,0,0,0,0,1,0,0,0,0,0,0,0,0,0,0,0,0,0,0,0,0,0,0,0,0,0,0,0,0,0,0,0,0,0,0,0,0,0,0,0,0,0,0,0,0,0,0,0,0,0,0,0,0,0,0,0,0,0,0,0,0,0,0,0,0,0,0,0,0,0,1,0,0,0,0,1,0,0,0,0,0,0,0,0,0,0,0,0,0,0,0,0,0,0,0,0,0,0,0,0,0,0,0,0,0,0,0,0,0,0,0,0,0,0,1,0,0,0,0,0,0,0,0,0,0,0,0,0,0,0,1,0,0,0,0,0,0,0,0,0,0,0,0,0,0,0,0,0,0,0,0,0,0,0,0,0,0,0,0,0,0,0,0,0,0,0,0,0,0,0,0,0,0,0,0,0,0,0,0,0,0,0,0,0,0,0,0,1,0,0,0,0,0,0,0,0,0,0,0,0,0,0,0,0,0,0,0,0,0,0,0,0,0,0,0,0,0,0,1,0,0,0,1,0,0,0,0,0,0,0,0,0,0,0,0,0,0,0,0,0,0,0,0,0,0,0,0,0,0,0,0,0,0,0,0,0,0,0,0,0,0,0,0,0,0,0,0,0,0,0,0,0,0,0,0,0,0,0,0,0,0,0,0,0,0,0,0,0,0,0,0,0,0,0,0,0,0,0,0,1,0,0,0,0,0,0,0,0,0,0,0,0,0,0,0,0,0,0,0,0,0,0,0,0,0,0,0,0,0,0,0,0,0,1,0,1,0,0,0,0,0,1,0,0,0,0,0,0,0,0,0,0,0,0,0,0,0,0,0,0,0,0,0,0,0,0,0,1,0,0,0,0,0,0,0,0,0,0,0,0,0,0,0,0,0,0,0,0,0,0,0,0,0,0,0,0,0,0,0,0,0,0,0,0,0,0,0,0,0,0,0,0,0,0,0,0,0,0,0,0,0,0,0,0,0,0,0,0,0,0,0,0,0,0,0,0,0,0,1,0,0,0,0,0,0,0,0,0,0,0,0,0,0,0,0,0,0,0,0,0,0,0,0,0,0,0,0,0,0,0,0,0,1,0,0,0,0,0,0,0,0,0,0,0,0,0,0,0,0,0,0,0,0,0,0,0,0,0,0,0,0,0,0,0,0,0,0,0,0,0,0,0,0,0,0,0
COc1cc2c(cc1OC)C13CCN4CC5=CCOC6CC(=O)N2C1C6C5CC43,0,0,1,0,1,0,0,0,0,0,0,0,0,0,0,0,0,0,0,0,0,0,0,0,0,0,0,0,0,0,0,0,0,1,0,0,1,0,0,0,0,0,0,0,0,0,0,0,0,0,0,0,0,0,0,0,0,1,0,0,0,0,0,0,0,0,0,1,0,0,0,0,0,0,0,0,0,0,0,0,0,0,0,0,0,0,0,0,0,0,0,0,0,0,0,0,0,0,0,0,0,0,0,0,0,0,0,0,0,0,0,0,0,0,0,0,0,0,0,0,0,0,0,0,0,0,0,0,0,0,0,0,0,0,0,0,0,0,1,0,0,0,0,0,0,0,0,1,0,0,0,0,0,0,0,0,0,0,0,0,0,0,0,0,0,1,0,0,0,0,0,0,0,0,0,0,0,0,0,0,0,0,0,0,0,0,0,0,0,0,0,0,0,0,0,0,0,0,0,0,1,0,0,0,0,0,0,0,0,0,0,0,0,0,0,0,0,0,0,0,0,1,0,0,0,0,0,0,0,0,0,1,0,0,0,0,0,0,0,0,0,0,1,0,0,0,0,0,0,1,0,0,0,0,0,0,0,0,0,0,0,0,0,0,0,0,0,0,1,0,0,1,0,0,0,0,0,0,0,0,0,0,1,0,0,0,0,0,0,0,0,0,0,0,0,0,0,0,0,0,0,0,0,0,0,0,0,0,0,0,0,0,0,0,1,0,0,0,0,0,0,0,0,0,0,0,0,0,0,0,0,0,0,0,0,1,0,0,0,0,0,0,0,0,0,0,0,0,0,0,0,0,0,0,0,0,1,0,0,0,0,0,0,0,0,0,0,0,0,0,0,0,0,0,0,0,0,0,0,1,1,1,0,0,0,0,0,0,0,0,0,0,0,0,0,0,0,0,0,0,0,0,0,0,0,0,0,0,0,0,0,0,0,0,0,0,0,0,0,0,0,0,0,0,0,0,0,0,0,0,0,0,0,0,0,0,0,0,0,0,0,0,1,0,0,0,0,0,0,0,0,0,0,0,0,1,1,0,0,0,0,0,0,0,0,0,0,0,0,0,0,0,0,0,0,0,0,0,0,0,0,0,1,0,0,0,0,0,0,0,0,0,0,0,0,0,0,0,0,0,0,0,0,0,0,0,0,0,0,0,0,0,1,0,0,0,0,0,0,0,0,0,0,0,0,0,0,0,0,0,0,0,0,0,0,0,0,0,0,0,0,0,0,0,0,0,0,0,0,0,0,0,0,0,0,0,0,0,0,0,0,0,0,0,0,0,0,0,0,0,0,0,0,0,0,0,0,0,0,0,0,0,0,0,0,0,0,0,0,0,0,0,0,0,0,0,0,0,0,0,0,0,0,0,0,0,0,0,0,0,0,0,0,0,0,0,0,0,0,0,0,0,0,0,0,0,0,0,1,0,0,0,0,0,0,0,0,0,1,0,0,0,0,0,0,0,0,0,0,0,1,0,0,0,0,0,1,0,1,0,0,0,0,0,0,0,0,0,0,0,0,0,0,0,0,0,0,0,0,0,0,0,0,0,0,0,0,0,0,0,0,0,0,0,0,1,0,0,0,0,0,0,0,0,0,0,0,0,0,0,1,0,0,0,0,0,0,0,0,0,0,0,0,0,0,0,0,0,0,0,0,0,0,0,0,0,1,0,0,0,0,0,0,0,0,0,0,0,0,0,0,0,0,0,0,0,0,1,0,0,0,0,0,0,0,0,0,0,0,0,0,0,0,0,0,0,0,0,0,0,0,0,0,0,0,0,0,0,0,0,0,0,0,0,0,1,0,0,1,0,0,0,1,0,0,0,0,0,0,0,0,0,0,0,0,0,0,0,0,0,0,0,0,0,0,0,0,0,0,0,1,0,0,0,0,0,0,0,0,0,0,1,0,0,0,0,0,0,0,1,0,0,0,0,1,0,0,0,0,0,0,0,0,0,0,0,0,0,0,1,0,0,0,0,0,1,0,0,0,0,0,0,0,0,0,0,0,0,0,0,0,0,0,0,0,0,1,0,1,0,0,0,0,0,0,0,0,0,0,0,0,0,0,0,0,0,0,0,0,0,0,0,1,0,0,0,1,0,0,0,0,0,1,0,0,1,0,0,0,0,0,0,0,0,0,0,1,0,0,0,0,0,0,0,0,0,1,0,0,0,0,0,0,0,0,0,0,0,0,0,0,0,0,0,1,0,0,0,0,0,1,0,0,0,0,0,0,0,0,0,0,0,0,1,0,0,0,0,0,0,0,0,0,0,0,0,0,0,0,0,0,0,0,0,0,0,0,0,0,1,0,0,0,0
NC(Cc1c[nH]c2cc(Cl)ccc12)C(=O)O,0,1,0,0,0,0,0,0,0,0,0,0,0,0,0,0,0,0,0,0,0,0,0,0,0,0,0,0,0,0,0,0,0,0,0,0,0,0,0,0,0,0,0,0,0,0,0,0,0,0,0,0,0,0,0,0,0,0,0,0,0,0,0,0,0,0,0,0,0,0,0,0,0,0,0,0,0,0,0,1,1,0,0,0,0,0,0,0,0,0,1,0,0,0,0,0,0,0,0,0,0,0,0,0,0,0,0,0,0,0,0,0,0,0,0,0,0,0,0,1,0,0,0,0,0,0,0,0,0,0,0,0,0,0,0,0,0,0,0,0,0,0,0,0,0,0,0,1,0,0,0,0,0,0,0,0,0,0,0,0,0,0,0,0,0,1,0,0,0,0,0,0,0,0,0,0,0,0,0,0,0,0,0,0,0,0,0,0,0,0,0,0,0,0,0,0,0,1,0,0,0,0,0,0,0,0,0,0,0,0,0,0,0,0,0,0,1,0,0,0,0,0,0,0,0,0,0,0,0,0,0,0,0,0,0,0,0,0,0,0,0,0,0,0,0,0,0,0,0,0,0,0,0,0,0,0,0,0,0,0,0,0,0,0,0,0,0,0,0,0,0,0,0,0,0,0,0,0,0,0,0,0,0,0,0,0,0,0,0,0,0,0,0,0,0,0,0,0,0,0,0,0,0,0,0,0,0,0,0,0,0,0,0,0,0,0,0,0,0,0,0,0,0,0,0,1,0,0,0,0,0,0,0,1,0,0,0,0,0,0,0,0,0,0,0,0,0,0,0,0,0,0,0,0,0,0,1,0,0,0,0,0,0,0,1,0,0,0,0,0,0,0,0,0,0,0,0,0,0,0,0,0,0,0,0,0,0,0,0,1,0,0,0,0,0,0,0,0,0,0,0,0,0,1,0,0,0,0,0,0,0,0,0,0,0,0,0,0,0,0,0,0,0,0,0,0,0,0,0,0,0,0,1,0,0,0,0,0,0,0,0,0,0,0,0,0,0,0,0,0,0,0,0,0,0,0,0,0,0,0,0,0,0,0,0,0,0,0,0,0,0,0,0,0,0,0,0,0,0,0,0,0,0,0,0,0,0,0,0,0,0,0,0,0,0,0,0,0,0,0,0,0,0,0,0,0,0,0,0,0,0,0,0,0,0,0,0,0,0,0,0,0,0,0,0,0,0,0,0,0,0,0,0,0,0,0,0,0,0,0,0,0,0,0,0,0,0,0,0,0,0,0,0,0,0,0,0,0,0,0,0,1,0,0,0,0,0,1,0,0,0,0,0,0,0,0,0,0,0,0,0,0,0,1,0,0,0,0,0,0,0,0,0,0,0,0,0,0,0,0,0,0,0,0,0,0,0,0,0,0,0,0,0,0,0,0,0,0,0,0,0,0,0,0,0,0,0,0,0,0,0,0,0,0,0,0,0,0,0,0,0,0,0,0,0,0,0,0,0,0,1,0,0,0,0,0,0,0,0,1,0,1,0,0,0,0,0,0,0,0,0,0,0,0,0,0,0,0,0,0,0,0,0,0,0,0,0,0,0,0,0,0,0,0,0,0,0,0,0,0,0,0,0,0,0,0,0,0,0,1,0,0,0,0,0,0,0,0,0,0,0,0,0,0,0,0,1,0,0,0,0,0,0,0,0,0,0,0,0,0,0,0,0,0,0,0,0,0,0,0,0,0,0,0,0,0,0,0,0,0,0,0,0,0,0,0,0,0,0,0,0,0,0,0,0,0,0,0,0,0,0,0,0,0,0,0,1,0,0,0,0,0,0,0,0,0,0,0,0,0,0,0,0,0,0,0,1,1,0,0,0,0,0,0,0,0,1,0,0,0,1,0,0,0,0,1,0,0,0,0,0,0,0,0,0,0,0,0,0,0,0,0,0,0,0,0,0,0,0,1,0,0,0,0,0,1,0,0,0,0,0,0,0,0,0,0,0,0,0,0,0,0,0,0,0,1,0,0,0,0,0,0,0,0,0,0,0,0,0,0,0,0,0,1,0,0,0,0,0,0,0,0,0,0,0,0,0,0,0,0,0,0,0,1,0,0,0,0,0,0,0,0,0,0,0,0,0,0,0,0,0,0,0,0,0,0,0,0,0,0,0,0,0,0,0,0,1,0,0,0,0,0,0,0,0,0,0,0,0,0,0,0,0,0,0,0,0,0,0,0,0,0,0,0,0,0,0,0,0,0,0,0,0,0,0,0,0,0,0,0,0,0,0,0,0,0,0,0,0,0,0,0,0,0,0,0,0,0,0,0,0,0,0,0,0,0,0,0,0,0,0,0,0,0
COc1ccc(C2Cc3cccc(OC(C)=O)c3C(=O)O2)cc1OC(C)=O,0,0,0,0,0,0,0,1,0,0,0,1,0,0,0,1,0,0,0,0,0,0,0,0,0,0,0,0,0,0,0,0,0,1,0,0,0,0,0,0,0,0,0,0,0,0,0,0,0,0,0,0,0,0,0,0,0,0,0,0,0,0,0,0,1,0,0,0,0,0,0,0,0,0,0,0,0,0,0,0,0,0,0,0,0,0,0,0,0,0,0,0,0,0,1,0,0,0,0,0,0,0,0,0,0,0,0,0,0,0,1,0,0,0,0,0,0,0,0,0,0,0,0,0,0,0,0,0,0,1,0,0,0,0,0,0,0,0,0,0,1,0,0,0,0,0,0,0,0,0,0,0,0,0,0,0,0,0,0,0,0,0,0,0,0,0,0,0,0,0,0,0,0,0,0,0,0,0,0,0,0,0,0,0,0,0,0,0,0,0,0,0,0,0,0,0,0,0,0,0,0,0,0,0,0,0,0,0,0,0,0,0,1,0,0,0,0,0,0,0,0,0,0,0,0,0,0,1,0,0,0,1,0,0,0,0,0,0,0,0,0,0,0,0,0,0,0,0,0,1,0,0,0,0,0,1,0,0,0,0,0,0,0,0,0,0,0,0,0,0,0,0,0,1,0,0,0,0,0,0,0,0,0,0,0,0,0,0,0,0,0,0,0,0,0,0,0,0,0,0,0,0,0,0,0,0,0,0,0,0,0,0,0,0,1,0,0,0,0,0,0,0,0,0,0,0,0,0,0,0,0,0,0,0,0,0,0,0,0,0,0,0,0,0,0,0,0,0,0,0,0,0,0,0,0,0,1,0,0,0,0,0,0,0,0,0,0,0,0,0,0,0,0,0,0,0,0,0,0,0,0,0,0,0,0,0,1,0,0,0,0,0,0,0,0,0,0,0,0,0,0,0,0,0,0,0,0,0,0,0,0,0,0,0,0,0,0,0,0,0,0,0,0,0,0,0,0,0,0,0,0,0,0,0,0,0,0,0,0,0,0,0,0,0,1,0,0,0,0,0,0,0,0,0,0,0,0,0,0,0,0,0,0,0,0,0,0,0,0,0,0,0,0,0,0,0,0,0,0,0,0,0,0,0,0,0,0,0,0,0,0,0,0,0,0,0,0,0,0,0,0,0,0,0,0,0,0,0,0,0,0,0,1,0,0,0,0,0,1,0,0,0,0,0,0,0,0,0,0,0,0,0,0,0,0,0,0,0,0,0,0,0,0,0,0,0,0,0,0,0,0,0,0,0,0,0,0,0,0,0,0,0,0,0,0,0,0,0,0,0,0,0,0,0,0,0,0,0,0,0,0,0,0,0,0,0,0,0,0,0,0,0,0,0,0,0,0,0,0,0,0,0,0,0,0,0,0,0,0,0,0,0,0,0,0,0,0,0,0,0,0,0,0,0,0,0,0,0,0,0,0,0,0,0,0,0,0,0,0,0,0,0,0,0,0,0,0,0,0,0,1,0,0,0,0,0,1,0,0,0,0,0,0,0,0,0,0,0,0,0,0,0,0,0,0,0,0,0,0,0,0,0,0,0,1,0,0,0,0,0,0,0,0,0,0,1,0,0,0,0,0,0,0,0,0,1,0,0,0,0,0,0,0,0,0,0,0,0,0,0,0,0,0,1,0,0,1,0,0,0,0,0,0,0,0,0,0,0,0,0,0,0,0,0,0,0,0,0,0,0,1,1,0,0,0,0,0,0,0,0,0,0,0,0,0,0,0,0,0,0,0,0,0,0,0,0,0,0,0,1,0,0,0,0,0,0,0,0,0,0,0,0,0,0,0,0,0,0,0,0,0,0,0,0,0,0,0,1,0,0,0,0,0,0,0,0,0,0,0,0,0,0,0,0,0,0,0,0,0,0,0,0,0,0,0,0,0,0,0,0,0,1,0,0,0,0,0,0,0,1,0,0,0,0,0,0,0,0,0,0,0,0,0,0,0,0,0,0,0,0,0,0,0,0,0,1,0,0,0,0,0,0,0,0,0,0,0,0,0,0,0,0,0,1,0,0,0,0,0,0,0,0,0,0,0,0,0,0,0,0,0,0,0,0,0,0,0,0,0,0,0,0,0,0,0,0,1,0,0,0,0,0,0,1,0,0,0,0,0,0,0,0,0,0,0,0,1,0,0,0,0,0,0,0,0,0,0,0,0,0,0,0,0,0,0,1,0,0,0,0,0,0,0,0,0,0,0,0,0,0,0,0,0,0,0,0,0,0,0,0,0,0,0,0,0,0,0,0,0,0,0,0,0,0,0,0,0,0,0,0,0,1,0,0,0,0,0,1,0,1,0,0,0,0

